quality,subsample,stdHuffmanTables,oldSize,newSize,time
1,4:4:4,True,786486,9118,0.6902010440826416
1,4:4:4,True,786486,8805,0.6302790641784668
1,4:4:4,True,786486,8275,0.6243960857391357
1,4:4:4,True,786486,8724,0.6405727863311768
1,4:4:4,True,786486,8988,0.6345560550689697
1,4:4:4,True,786486,9029,0.633826732635498
1,4:4:4,True,786486,8000,0.6164777278900146
1,4:4:4,True,786486,7927,0.6157729625701904
1,4:4:4,True,786486,9781,0.6520886421203613
1,4:4:4,True,786486,10067,0.6544110774993896
1,4:4:4,True,786486,9216,0.6387608051300049
1,4:4:4,True,786486,9654,0.6468591690063477
1,4:4:4,True,786486,8308,0.6237101554870605
1,4:4:4,True,786486,8200,0.6197688579559326
1,4:4:4,True,786486,8515,0.6253759860992432
1,4:4:4,True,786486,9092,0.6375751495361328
1,4:4:4,True,786486,9701,0.6456677913665771
1,4:4:4,True,786486,8578,0.6263699531555176
1,4:4:4,True,786486,10403,0.6595683097839355
1,4:4:4,True,786486,10553,0.6606128215789795
1,4:4:4,False,786486,4826,1.1435558795928955
1,4:4:4,False,786486,4430,1.1497578620910645
1,4:4:4,False,786486,3868,1.1262710094451904
1,4:4:4,False,786486,4328,1.1341102123260498
1,4:4:4,False,786486,4686,1.141402006149292
1,4:4:4,False,786486,4686,1.1384239196777344
1,4:4:4,False,786486,3602,1.1141929626464844
1,4:4:4,False,786486,3507,1.118612289428711
1,4:4:4,False,786486,5653,1.1601459980010986
1,4:4:4,False,786486,5865,1.1661341190338135
1,4:4:4,False,786486,4774,1.1469902992248535
1,4:4:4,False,786486,5484,1.1581811904907227
1,4:4:4,False,786486,3943,1.1293461322784424
1,4:4:4,False,786486,3938,1.1336109638214111
1,4:4:4,False,786486,4215,1.1403629779815674
1,4:4:4,False,786486,4806,1.1471610069274902
1,4:4:4,False,786486,5411,1.1628408432006836
1,4:4:4,False,786486,4169,1.1381542682647705
1,4:4:4,False,786486,6146,1.1768040657043457
1,4:4:4,False,786486,6214,1.1833288669586182
1,4:2:0,True,786486,6031,0.3348119258880615
1,4:2:0,True,786486,5708,0.33272504806518555
1,4:2:0,True,786486,5237,0.3221609592437744
1,4:2:0,True,786486,5629,0.33053088188171387
1,4:2:0,True,786486,5853,0.3338339328765869
1,4:2:0,True,786486,5958,0.335521936416626
1,4:2:0,True,786486,4923,0.3182361125946045
1,4:2:0,True,786486,4903,0.3177192211151123
1,4:2:0,True,786486,6552,0.3442530632019043
1,4:2:0,True,786486,6964,0.34940481185913086
1,4:2:0,True,786486,6103,0.33530306816101074
1,4:2:0,True,786486,6384,0.342864990234375
1,4:2:0,True,786486,5244,0.32206106185913086
1,4:2:0,True,786486,5015,0.3194241523742676
1,4:2:0,True,786486,5374,0.32260775566101074
1,4:2:0,True,786486,5975,0.33188891410827637
1,4:2:0,True,786486,6636,0.3446238040924072
1,4:2:0,True,786486,5547,0.3260180950164795
1,4:2:0,True,786486,7303,0.35706090927124023
1,4:2:0,True,786486,7332,0.356464147567749
1,4:2:0,False,786486,3226,0.5899350643157959
1,4:2:0,False,786486,2837,0.5825178623199463
1,4:2:0,False,786486,2359,0.5701909065246582
1,4:2:0,False,786486,2693,0.5742499828338623
1,4:2:0,False,786486,3011,0.5818631649017334
1,4:2:0,False,786486,3119,0.5865118503570557
1,4:2:0,False,786486,2036,0.5654280185699463
1,4:2:0,False,786486,2009,0.5662209987640381
1,4:2:0,False,786486,3840,0.5985000133514404
1,4:2:0,False,786486,4269,0.6155991554260254
1,4:2:0,False,786486,3124,0.5894620418548584
1,4:2:0,False,786486,3619,0.5964548587799072
1,4:2:0,False,786486,2384,0.568669319152832
1,4:2:0,False,786486,2162,0.5758340358734131
1,4:2:0,False,786486,2550,0.5770630836486816
1,4:2:0,False,786486,3154,0.5873432159423828
1,4:2:0,False,786486,3861,0.6019420623779297
1,4:2:0,False,786486,2668,0.5851778984069824
1,4:2:0,False,786486,4499,0.6179838180541992
1,4:2:0,False,786486,4418,0.6179680824279785
1,4:1:1,True,786486,6031,0.3349177837371826
1,4:1:1,True,786486,5708,0.32798314094543457
1,4:1:1,True,786486,5237,0.31835103034973145
1,4:1:1,True,786486,5629,0.3248178958892822
1,4:1:1,True,786486,5853,0.33115601539611816
1,4:1:1,True,786486,5958,0.3342571258544922
1,4:1:1,True,786486,4923,0.3155210018157959
1,4:1:1,True,786486,4903,0.315871000289917
1,4:1:1,True,786486,6552,0.34286999702453613
1,4:1:1,True,786486,6964,0.35013508796691895
1,4:1:1,True,786486,6103,0.33553099632263184
1,4:1:1,True,786486,6384,0.34142184257507324
1,4:1:1,True,786486,5244,0.3181278705596924
1,4:1:1,True,786486,5015,0.3185849189758301
1,4:1:1,True,786486,5374,0.32326316833496094
1,4:1:1,True,786486,5975,0.3330521583557129
1,4:1:1,True,786486,6636,0.34551501274108887
1,4:1:1,True,786486,5547,0.3258223533630371
1,4:1:1,True,786486,7303,0.3557858467102051
1,4:1:1,True,786486,7332,0.3560512065887451
1,4:1:1,False,786486,3226,0.5862541198730469
1,4:1:1,False,786486,2837,0.5828530788421631
1,4:1:1,False,786486,2359,0.5707237720489502
1,4:1:1,False,786486,2693,0.5824658870697021
1,4:1:1,False,786486,3011,0.5857598781585693
1,4:1:1,False,786486,3119,0.5844578742980957
1,4:1:1,False,786486,2036,0.5670583248138428
1,4:1:1,False,786486,2009,0.5653009414672852
1,4:1:1,False,786486,3840,0.6012289524078369
1,4:1:1,False,786486,4269,0.6128249168395996
1,4:1:1,False,786486,3124,0.5893630981445312
1,4:1:1,False,786486,3619,0.5954318046569824
1,4:1:1,False,786486,2384,0.5726687908172607
1,4:1:1,False,786486,2162,0.5662841796875
1,4:1:1,False,786486,2550,0.5756330490112305
1,4:1:1,False,786486,3154,0.5874371528625488
1,4:1:1,False,786486,3861,0.6013491153717041
1,4:1:1,False,786486,2668,0.5762729644775391
1,4:1:1,False,786486,4499,0.6156139373779297
1,4:1:1,False,786486,4418,0.6127669811248779
1,4:2:2,True,786486,7029,0.4369478225708008
1,4:2:2,True,786486,6737,0.4342770576477051
1,4:2:2,True,786486,6221,0.42438483238220215
1,4:2:2,True,786486,6624,0.43322324752807617
1,4:2:2,True,786486,6890,0.4359149932861328
1,4:2:2,True,786486,6915,0.4350399971008301
1,4:2:2,True,786486,5939,0.4174320697784424
1,4:2:2,True,786486,5876,0.41832494735717773
1,4:2:2,True,786486,7656,0.4457259178161621
1,4:2:2,True,786486,7990,0.45072317123413086
1,4:2:2,True,786486,7134,0.43626976013183594
1,4:2:2,True,786486,7502,0.4447300434112549
1,4:2:2,True,786486,6249,0.42259883880615234
1,4:2:2,True,786486,6074,0.41858792304992676
1,4:2:2,True,786486,6417,0.42694807052612305
1,4:2:2,True,786486,7006,0.4333071708679199
1,4:2:2,True,786486,7623,0.44539690017700195
1,4:2:2,True,786486,6528,0.42471981048583984
1,4:2:2,True,786486,8285,0.4548170566558838
1,4:2:2,True,786486,8399,0.45453691482543945
1,4:2:2,False,786486,3733,0.7741258144378662
1,4:2:2,False,786486,3370,0.7655458450317383
1,4:2:2,False,786486,2829,0.7597548961639404
1,4:2:2,False,786486,3199,0.7656028270721436
1,4:2:2,False,786486,3572,0.7713658809661865
1,4:2:2,False,786486,3584,0.7711160182952881
1,4:2:2,False,786486,2551,0.7509169578552246
1,4:2:2,False,786486,2476,0.7508411407470703
1,4:2:2,False,786486,4490,0.7885589599609375
1,4:2:2,False,786486,4806,0.7963681221008301
1,4:2:2,False,786486,3675,0.7775990962982178
1,4:2:2,False,786486,4285,0.7826030254364014
1,4:2:2,False,786486,2897,0.7564001083374023
1,4:2:2,False,786486,2759,0.7554409503936768
1,4:2:2,False,786486,3104,0.7645359039306641
1,4:2:2,False,786486,3700,0.7752001285552979
1,4:2:2,False,786486,4335,0.7883720397949219
1,4:2:2,False,786486,3139,0.7654769420623779
1,4:2:2,False,786486,4995,0.8023102283477783
1,4:2:2,False,786486,5048,0.8045461177825928
11,4:4:4,True,786486,14399,0.7286319732666016
11,4:4:4,True,786486,14370,0.723578691482544
11,4:4:4,True,786486,13711,0.7160751819610596
11,4:4:4,True,786486,17860,0.7846658229827881
11,4:4:4,True,786486,16376,0.7598838806152344
11,4:4:4,True,786486,15432,0.7441549301147461
11,4:4:4,True,786486,9644,0.6478917598724365
11,4:4:4,True,786486,9395,0.6534168720245361
11,4:4:4,True,786486,17640,0.7796900272369385
11,4:4:4,True,786486,16194,0.7519760131835938
11,4:4:4,True,786486,16590,0.7624619007110596
11,4:4:4,True,786486,17908,0.7843432426452637
11,4:4:4,True,786486,12330,0.7026360034942627
11,4:4:4,True,786486,10511,0.6643228530883789
11,4:4:4,True,786486,11469,0.6791732311248779
11,4:4:4,True,786486,14239,0.7228929996490479
11,4:4:4,True,786486,16907,0.767493724822998
11,4:4:4,True,786486,13461,0.7122640609741211
11,4:4:4,True,786486,20731,0.828516960144043
11,4:4:4,True,786486,25501,0.9071199893951416
11,4:4:4,False,786486,10922,1.2670221328735352
11,4:4:4,False,786486,10667,1.2621428966522217
11,4:4:4,False,786486,9685,1.2477538585662842
11,4:4:4,False,786486,13705,1.3419320583343506
11,4:4:4,False,786486,12707,1.3119428157806396
11,4:4:4,False,786486,11973,1.290376901626587
11,4:4:4,False,786486,5448,1.162930965423584
11,4:4:4,False,786486,5023,1.14884614944458
11,4:4:4,False,786486,14762,1.3357877731323242
11,4:4:4,False,786486,13117,1.2997398376464844
11,4:4:4,False,786486,12972,1.3166131973266602
11,4:4:4,False,786486,14969,1.3857510089874268
11,4:4:4,False,786486,8473,1.2224147319793701
11,4:4:4,False,786486,6334,1.1775801181793213
11,4:4:4,False,786486,7718,1.2023799419403076
11,4:4:4,False,786486,10946,1.256976842880249
11,4:4:4,False,786486,13634,1.3226351737976074
11,4:4:4,False,786486,9680,1.2453892230987549
11,4:4:4,False,786486,17540,1.4049198627471924
11,4:4:4,False,786486,22056,1.5083808898925781
11,4:2:0,True,786486,11109,0.4178318977355957
11,4:2:0,True,786486,11158,0.41923999786376953
11,4:2:0,True,786486,10521,0.41196489334106445
11,4:2:0,True,786486,14467,0.47772908210754395
11,4:2:0,True,786486,13030,0.45244312286376953
11,4:2:0,True,786486,11713,0.4301578998565674
11,4:2:0,True,786486,6514,0.3434159755706787
11,4:2:0,True,786486,6373,0.34041500091552734
11,4:2:0,True,786486,13454,0.45475101470947266
11,4:2:0,True,786486,12857,0.44201111793518066
11,4:2:0,True,786486,13069,0.4567379951477051
11,4:2:0,True,786486,13378,0.45557713508605957
11,4:2:0,True,786486,9208,0.38912272453308105
11,4:2:0,True,786486,7337,0.3564639091491699
11,4:2:0,True,786486,7938,0.3647270202636719
11,4:2:0,True,786486,10839,0.41285204887390137
11,4:2:0,True,786486,13466,0.4551401138305664
11,4:2:0,True,786486,10363,0.4082810878753662
11,4:2:0,True,786486,17091,0.5161910057067871
11,4:2:0,True,786486,20718,0.5763490200042725
11,4:2:0,False,786486,9014,0.698573112487793
11,4:2:0,False,786486,8849,0.696080207824707
11,4:2:0,False,786486,7942,0.6868772506713867
11,4:2:0,False,786486,11759,0.778433084487915
11,4:2:0,False,786486,10783,0.7410659790039062
11,4:2:0,False,786486,9626,0.7121999263763428
11,4:2:0,False,786486,3794,0.5980510711669922
11,4:2:0,False,786486,3500,0.5967121124267578
11,4:2:0,False,786486,11714,0.7465438842773438
11,4:2:0,False,786486,11196,0.7345550060272217
11,4:2:0,False,786486,10707,0.7361757755279541
11,4:2:0,False,786486,11537,0.7489159107208252
11,4:2:0,False,786486,6805,0.6591517925262451
11,4:2:0,False,786486,4582,0.6218831539154053
11,4:2:0,False,786486,5548,0.6308760643005371
11,4:2:0,False,786486,8882,0.6929399967193604
11,4:2:0,False,786486,11610,0.7494230270385742
11,4:2:0,False,786486,8069,0.6855020523071289
11,4:2:0,False,786486,15233,0.8257501125335693
11,4:2:0,False,786486,18388,0.9080758094787598
11,4:1:1,True,786486,11109,0.4155879020690918
11,4:1:1,True,786486,11158,0.4192676544189453
11,4:1:1,True,786486,10521,0.4088099002838135
11,4:1:1,True,786486,14467,0.47566986083984375
11,4:1:1,True,786486,13030,0.44997596740722656
11,4:1:1,True,786486,11713,0.42658519744873047
11,4:1:1,True,786486,6514,0.3425421714782715
11,4:1:1,True,786486,6373,0.34064316749572754
11,4:1:1,True,786486,13454,0.45449185371398926
11,4:1:1,True,786486,12857,0.4404029846191406
11,4:1:1,True,786486,13069,0.4487621784210205
11,4:1:1,True,786486,13378,0.4542970657348633
11,4:1:1,True,786486,9208,0.38673996925354004
11,4:1:1,True,786486,7337,0.355349063873291
11,4:1:1,True,786486,7938,0.3658781051635742
11,4:1:1,True,786486,10839,0.4115781784057617
11,4:1:1,True,786486,13466,0.45477890968322754
11,4:1:1,True,786486,10363,0.4051036834716797
11,4:1:1,True,786486,17091,0.5129480361938477
11,4:1:1,True,786486,20718,0.5735740661621094
11,4:1:1,False,786486,9014,0.6971073150634766
11,4:1:1,False,786486,8849,0.6955835819244385
11,4:1:1,False,786486,7942,0.6848230361938477
11,4:1:1,False,786486,11759,0.769798994064331
11,4:1:1,False,786486,10783,0.7362689971923828
11,4:1:1,False,786486,9626,0.7057709693908691
11,4:1:1,False,786486,3794,0.5973737239837646
11,4:1:1,False,786486,3500,0.5926179885864258
11,4:1:1,False,786486,11714,0.7459578514099121
11,4:1:1,False,786486,11196,0.72928786277771
11,4:1:1,False,786486,10707,0.7373909950256348
11,4:1:1,False,786486,11537,0.743243932723999
11,4:1:1,False,786486,6805,0.6558351516723633
11,4:1:1,False,786486,4582,0.6155478954315186
11,4:1:1,False,786486,5548,0.6289150714874268
11,4:1:1,False,786486,8882,0.6899242401123047
11,4:1:1,False,786486,11610,0.7510030269622803
11,4:1:1,False,786486,8069,0.7444119453430176
11,4:1:1,False,786486,15233,0.9327611923217773
11,4:1:1,False,786486,18388,0.9497840404510498
11,4:2:2,True,786486,12161,0.5229699611663818
11,4:2:2,True,786486,12229,0.5245847702026367
11,4:2:2,True,786486,11537,0.5107159614562988
11,4:2:2,True,786486,15505,0.573314905166626
11,4:2:2,True,786486,14124,0.5523221492767334
11,4:2:2,True,786486,12896,0.5284700393676758
11,4:2:2,True,786486,7550,0.44502878189086914
11,4:2:2,True,786486,7306,0.43978071212768555
11,4:2:2,True,786486,14929,0.5636410713195801
11,4:2:2,True,786486,13976,0.5455758571624756
11,4:2:2,True,786486,14256,0.5514638423919678
11,4:2:2,True,786486,14994,0.5631871223449707
11,4:2:2,True,786486,10214,0.4884989261627197
11,4:2:2,True,786486,8362,0.45422887802124023
11,4:2:2,True,786486,9178,0.47002291679382324
11,4:2:2,True,786486,12017,0.513085126876831
11,4:2:2,True,786486,14578,0.5566527843475342
11,4:2:2,True,786486,11347,0.505842924118042
11,4:2:2,True,786486,18271,0.6187121868133545
11,4:2:2,True,786486,22274,0.6830589771270752
11,4:2:2,False,786486,9637,0.8836102485656738
11,4:2:2,False,786486,9484,0.8840432167053223
11,4:2:2,False,786486,8478,0.8710651397705078
11,4:2:2,False,786486,12311,0.955129861831665
11,4:2:2,False,786486,11432,0.9281558990478516
11,4:2:2,False,786486,10408,0.9018890857696533
11,4:2:2,False,786486,4343,0.7848079204559326
11,4:2:2,False,786486,3938,0.781423807144165
11,4:2:2,False,786486,12866,0.9462928771972656
11,4:2:2,False,786486,11883,0.9193310737609863
11,4:2:2,False,786486,11505,0.9278390407562256
11,4:2:2,False,786486,12855,0.9472231864929199
11,4:2:2,False,786486,7341,0.839270830154419
11,4:2:2,False,786486,5133,0.801530122756958
11,4:2:2,False,786486,6368,0.8177969455718994
11,4:2:2,False,786486,9621,0.8809409141540527
11,4:2:2,False,786486,12269,0.93967604637146
11,4:2:2,False,786486,8565,0.8681111335754395
11,4:2:2,False,786486,16031,1.0145528316497803
11,4:2:2,False,786486,19677,1.1074671745300293
21,4:4:4,True,786486,20490,0.8221778869628906
21,4:4:4,True,786486,19738,0.8068239688873291
21,4:4:4,True,786486,21089,0.8354110717773438
21,4:4:4,True,786486,28138,0.9502980709075928
21,4:4:4,True,786486,24320,0.8899290561676025
21,4:4:4,True,786486,22374,0.8512132167816162
21,4:4:4,True,786486,11615,0.6782078742980957
21,4:4:4,True,786486,12662,0.6962621212005615
21,4:4:4,True,786486,25296,0.8961958885192871
21,4:4:4,True,786486,21919,0.8351972103118896
21,4:4:4,True,786486,25160,0.8986170291900635
21,4:4:4,True,786486,25992,0.9071619510650635
21,4:4:4,True,786486,17842,0.7803061008453369
21,4:4:4,True,786486,14134,0.7224326133728027
21,4:4:4,True,786486,14695,0.7253477573394775
21,4:4:4,True,786486,19621,0.803333044052124
21,4:4:4,True,786486,24152,0.8747220039367676
21,4:4:4,True,786486,18782,0.7923362255096436
21,4:4:4,True,786486,30381,0.9756050109863281
21,4:4:4,True,786486,41022,1.1576337814331055
21,4:4:4,False,786486,17557,1.3875367641448975
21,4:4:4,False,786486,16595,1.370347023010254
21,4:4:4,False,786486,17319,1.4030792713165283
21,4:4:4,False,786486,24578,1.5568232536315918
21,4:4:4,False,786486,21309,1.4706120491027832
21,4:4:4,False,786486,19609,1.4253709316253662
21,4:4:4,False,786486,7885,1.1994340419769287
21,4:4:4,False,786486,8432,1.2240099906921387
21,4:4:4,False,786486,23400,1.4889583587646484
21,4:4:4,False,786486,19477,1.420644998550415
21,4:4:4,False,786486,22168,1.4947521686553955
21,4:4:4,False,786486,24132,1.5053610801696777
21,4:4:4,False,786486,14279,1.33024001121521
21,4:4:4,False,786486,10462,1.249480962753296
21,4:4:4,False,786486,11573,1.2630980014801025
21,4:4:4,False,786486,16970,1.3684470653533936
21,4:4:4,False,786486,21624,1.4615440368652344
21,4:4:4,False,786486,15436,1.353027105331421
21,4:4:4,False,786486,28040,1.5931053161621094
21,4:4:4,False,786486,38555,1.8265841007232666
21,4:2:0,True,786486,16531,0.503108024597168
21,4:2:0,True,786486,16152,0.4933018684387207
21,4:2:0,True,786486,17514,0.523629903793335
21,4:2:0,True,786486,23366,0.6173319816589355
21,4:2:0,True,786486,20326,0.5647931098937988
21,4:2:0,True,786486,17543,0.5159091949462891
21,4:2:0,True,786486,8277,0.37163472175598145
21,4:2:0,True,786486,9545,0.3924870491027832
21,4:2:0,True,786486,19430,0.5451920032501221
21,4:2:0,True,786486,18120,0.52077317237854
21,4:2:0,True,786486,20560,0.5708327293395996
21,4:2:0,True,786486,19594,0.5493593215942383
21,4:2:0,True,786486,14452,0.4738800525665283
21,4:2:0,True,786486,10704,0.41434693336486816
21,4:2:0,True,786486,10655,0.40946412086486816
21,4:2:0,True,786486,15706,0.4873530864715576
21,4:2:0,True,786486,19963,0.5552687644958496
21,4:2:0,True,786486,15551,0.4898412227630615
21,4:2:0,True,786486,25407,0.6429131031036377
21,4:2:0,True,786486,33262,0.7717540264129639
21,4:2:0,False,786486,14819,0.8129231929779053
21,4:2:0,False,786486,14282,0.8009531497955322
21,4:2:0,False,786486,15079,0.8363142013549805
21,4:2:0,False,786486,21137,0.963709831237793
21,4:2:0,False,786486,18597,0.8984761238098145
21,4:2:0,False,786486,15976,0.8326370716094971
21,4:2:0,False,786486,5964,0.6388022899627686
21,4:2:0,False,786486,6837,0.6684961318969727
21,4:2:0,False,786486,18371,0.867161750793457
21,4:2:0,False,786486,16906,0.8369269371032715
21,4:2:0,False,786486,18683,0.9008538722991943
21,4:2:0,False,786486,18473,0.8732888698577881
21,4:2:0,False,786486,12257,0.7686676979064941
21,4:2:0,False,786486,8349,0.6933629512786865
21,4:2:0,False,786486,8798,0.6876208782196045
21,4:2:0,False,786486,14180,0.7935371398925781
21,4:2:0,False,786486,18670,0.8815512657165527
21,4:2:0,False,786486,13611,0.7910473346710205
21,4:2:0,False,786486,24150,0.9954819679260254
21,4:2:0,False,786486,31554,1.1617457866668701
21,4:1:1,True,786486,16531,0.5011508464813232
21,4:1:1,True,786486,16152,0.4995839595794678
21,4:1:1,True,786486,17514,0.5260500907897949
21,4:1:1,True,786486,23366,0.6196029186248779
21,4:1:1,True,786486,20326,0.5660586357116699
21,4:1:1,True,786486,17543,0.5181498527526855
21,4:1:1,True,786486,8277,0.37273335456848145
21,4:1:1,True,786486,9545,0.39424896240234375
21,4:1:1,True,786486,19430,0.544684648513794
21,4:1:1,True,786486,18120,0.5195968151092529
21,4:1:1,True,786486,20560,0.5703060626983643
21,4:1:1,True,786486,19594,0.5505630970001221
21,4:1:1,True,786486,14452,0.4742929935455322
21,4:1:1,True,786486,10704,0.413128137588501
21,4:1:1,True,786486,10655,0.40845274925231934
21,4:1:1,True,786486,15706,0.486159086227417
21,4:1:1,True,786486,19963,0.5560081005096436
21,4:1:1,True,786486,15551,0.4887969493865967
21,4:1:1,True,786486,25407,0.641185998916626
21,4:1:1,True,786486,33262,0.7723410129547119
21,4:1:1,False,786486,14819,0.8125052452087402
21,4:1:1,False,786486,14282,0.8034732341766357
21,4:1:1,False,786486,15079,0.8360733985900879
21,4:1:1,False,786486,21137,0.9616677761077881
21,4:1:1,False,786486,18597,0.8964788913726807
21,4:1:1,False,786486,15976,0.831125020980835
21,4:1:1,False,786486,5964,0.6396307945251465
21,4:1:1,False,786486,6837,0.6664950847625732
21,4:1:1,False,786486,18371,0.8720519542694092
21,4:1:1,False,786486,16906,0.8347949981689453
21,4:1:1,False,786486,18683,0.9011099338531494
21,4:1:1,False,786486,18473,0.8811531066894531
21,4:1:1,False,786486,12257,0.7745537757873535
21,4:1:1,False,786486,8349,0.6922047138214111
21,4:1:1,False,786486,8798,0.6910748481750488
21,4:1:1,False,786486,14180,0.7928149700164795
21,4:1:1,False,786486,18670,0.8804709911346436
21,4:1:1,False,786486,13611,0.8342289924621582
21,4:1:1,False,786486,24150,1.0351958274841309
21,4:1:1,False,786486,31554,1.165088176727295
21,4:2:2,True,786486,17826,0.6159670352935791
21,4:2:2,True,786486,17398,0.6016111373901367
21,4:2:2,True,786486,18651,0.6270101070404053
21,4:2:2,True,786486,24790,0.7268929481506348
21,4:2:2,True,786486,21649,0.67399001121521
21,4:2:2,True,786486,19147,0.6308789253234863
21,4:2:2,True,786486,9386,0.47983884811401367
21,4:2:2,True,786486,10465,0.49427270889282227
21,4:2:2,True,786486,21574,0.6642460823059082
21,4:2:2,True,786486,19423,0.6267697811126709
21,4:2:2,True,786486,22152,0.6819019317626953
21,4:2:2,True,786486,21962,0.6731877326965332
21,4:2:2,True,786486,15566,0.5796208381652832
21,4:2:2,True,786486,11795,0.5197079181671143
21,4:2:2,True,786486,12121,0.5174441337585449
21,4:2:2,True,786486,17158,0.5961921215057373
21,4:2:2,True,786486,21372,0.6632609367370605
21,4:2:2,True,786486,16556,0.58896803855896
21,4:2:2,True,786486,27101,0.7534778118133545
21,4:2:2,True,786486,35842,0.8963532447814941
21,4:2:2,False,786486,15771,1.0084228515625
21,4:2:2,False,786486,15135,0.9935867786407471
21,4:2:2,False,786486,15798,1.0264017581939697
21,4:2:2,False,786486,22157,1.159034252166748
21,4:2:2,False,786486,19535,1.0910699367523193
21,4:2:2,False,786486,17259,1.0349509716033936
21,4:2:2,False,786486,6620,0.8266968727111816
21,4:2:2,False,786486,7260,0.8497798442840576
21,4:2:2,False,786486,20290,1.0781960487365723
21,4:2:2,False,786486,17877,1.0309200286865234
21,4:2:2,False,786486,19956,1.098525047302246
21,4:2:2,False,786486,20643,1.0858209133148193
21,4:2:2,False,786486,12987,0.9596490859985352
21,4:2:2,False,786486,8998,0.8799841403961182
21,4:2:2,False,786486,9871,0.8863732814788818
21,4:2:2,False,786486,15283,1.0265018939971924
21,4:2:2,False,786486,19731,1.080862045288086
21,4:2:2,False,786486,14187,0.9849731922149658
21,4:2:2,False,786486,25534,1.1963000297546387
21,4:2:2,False,786486,33950,1.3884270191192627
31,4:4:4,True,786486,25923,0.9089090824127197
31,4:4:4,True,786486,24257,0.8763432502746582
31,4:4:4,True,786486,27567,0.9409091472625732
31,4:4:4,True,786486,37251,1.0972998142242432
31,4:4:4,True,786486,30834,0.9884088039398193
31,4:4:4,True,786486,28255,0.9415009021759033
31,4:4:4,True,786486,13361,0.7112138271331787
31,4:4:4,True,786486,15961,0.7518441677093506
31,4:4:4,True,786486,31929,0.9933710098266602
31,4:4:4,True,786486,27304,0.916287899017334
31,4:4:4,True,786486,32799,1.0211799144744873
31,4:4:4,True,786486,32658,1.0067379474639893
31,4:4:4,True,786486,23068,0.8666980266571045
31,4:4:4,True,786486,17516,0.7804007530212402
31,4:4:4,True,786486,17664,0.7714388370513916
31,4:4:4,True,786486,24595,0.8823919296264648
31,4:4:4,True,786486,30392,0.9732730388641357
31,4:4:4,True,786486,23496,0.8705940246582031
31,4:4:4,True,786486,38395,1.1005449295043945
31,4:4:4,True,786486,54012,1.3547399044036865
31,4:4:4,False,786486,23577,1.5093848705291748
31,4:4:4,False,786486,21552,1.472480058670044
31,4:4:4,False,786486,24145,1.5474989414215088
31,4:4:4,False,786486,34206,1.753800868988037
31,4:4:4,False,786486,28323,1.6070520877838135
31,4:4:4,False,786486,26125,1.5501081943511963
31,4:4:4,False,786486,10080,1.239185094833374
31,4:4:4,False,786486,11767,1.294311285018921
31,4:4:4,False,786486,30617,1.6228909492492676
31,4:4:4,False,786486,25130,1.5186100006103516
31,4:4:4,False,786486,30366,1.6533582210540771
31,4:4:4,False,786486,31337,1.6354711055755615
31,4:4:4,False,786486,19848,1.450922966003418
31,4:4:4,False,786486,14143,1.3303859233856201
31,4:4:4,False,786486,14978,1.3313710689544678
31,4:4:4,False,786486,22453,1.475059986114502
31,4:4:4,False,786486,28373,1.5896270275115967
31,4:4:4,False,786486,20551,1.452732801437378
31,4:4:4,False,786486,36585,1.756432294845581
31,4:4:4,False,786486,52187,2.087754011154175
31,4:2:0,True,786486,21152,0.5685501098632812
31,4:2:0,True,786486,20251,0.553225040435791
31,4:2:0,True,786486,23316,0.6151089668273926
31,4:2:0,True,786486,30674,0.7334609031677246
31,4:2:0,True,786486,26099,0.6542141437530518
31,4:2:0,True,786486,22245,0.5869982242584229
31,4:2:0,True,786486,9756,0.3944370746612549
31,4:2:0,True,786486,12643,0.44547009468078613
31,4:2:0,True,786486,24440,0.6169791221618652
31,4:2:0,True,786486,22990,0.5919129848480225
31,4:2:0,True,786486,26849,0.667504072189331
31,4:2:0,True,786486,24498,0.6203861236572266
31,4:2:0,True,786486,19197,0.5484268665313721
31,4:2:0,True,786486,13655,0.4594151973724365
31,4:2:0,True,786486,13030,0.4442307949066162
31,4:2:0,True,786486,20046,0.550980806350708
31,4:2:0,True,786486,25346,0.6339759826660156
31,4:2:0,True,786486,19955,0.556143045425415
31,4:2:0,True,786486,31856,0.7354280948638916
31,4:2:0,True,786486,43508,0.925739049911499
31,4:2:0,False,786486,19868,0.9118621349334717
31,4:2:0,False,786486,18736,0.880516767501831
31,4:2:0,False,786486,21138,0.9540431499481201
31,4:2:0,False,786486,28804,1.1093389987945557
31,4:2:0,False,786486,24708,1.0028719902038574
31,4:2:0,False,786486,21118,0.9256300926208496
31,4:2:0,False,786486,7831,0.6744771003723145
31,4:2:0,False,786486,9983,0.7298779487609863
31,4:2:0,False,786486,23706,0.9612610340118408
31,4:2:0,False,786486,21948,0.926206111907959
31,4:2:0,False,786486,25324,1.025662899017334
31,4:2:0,False,786486,23631,0.9581680297851562
31,4:2:0,False,786486,17288,0.8689408302307129
31,4:2:0,False,786486,11447,0.7500495910644531
31,4:2:0,False,786486,11451,0.7350740432739258
31,4:2:0,False,786486,18911,0.8783960342407227
31,4:2:0,False,786486,24356,0.9865701198577881
31,4:2:0,False,786486,18358,0.8827450275421143
31,4:2:0,False,786486,30959,1.1097941398620605
31,4:2:0,False,786486,42119,1.3605129718780518
31,4:1:1,True,786486,21152,0.572955846786499
31,4:1:1,True,786486,20251,0.5559360980987549
31,4:1:1,True,786486,23316,0.6138112545013428
31,4:1:1,True,786486,30674,0.7306821346282959
31,4:1:1,True,786486,26099,0.6550581455230713
31,4:1:1,True,786486,22245,0.5890018939971924
31,4:1:1,True,786486,9756,0.3933389186859131
31,4:1:1,True,786486,12643,0.4433720111846924
31,4:1:1,True,786486,24440,0.6180531978607178
31,4:1:1,True,786486,22990,0.5911340713500977
31,4:1:1,True,786486,26849,0.6666908264160156
31,4:1:1,True,786486,24498,0.6215660572052002
31,4:1:1,True,786486,19197,0.5483887195587158
31,4:1:1,True,786486,13655,0.4601747989654541
31,4:1:1,True,786486,13030,0.4439518451690674
31,4:1:1,True,786486,20046,0.5527858734130859
31,4:1:1,True,786486,25346,0.6346709728240967
31,4:1:1,True,786486,19955,0.5562591552734375
31,4:1:1,True,786486,31856,0.735123872756958
31,4:1:1,True,786486,43508,0.9226608276367188
31,4:1:1,False,786486,19868,0.9037220478057861
31,4:1:1,False,786486,18736,0.8819639682769775
31,4:1:1,False,786486,21138,0.9573452472686768
31,4:1:1,False,786486,28804,1.110044002532959
31,4:1:1,False,786486,24708,1.0052409172058105
31,4:1:1,False,786486,21118,0.9226298332214355
31,4:1:1,False,786486,7831,0.6706979274749756
31,4:1:1,False,786486,9983,0.7327480316162109
31,4:1:1,False,786486,23706,0.9623587131500244
31,4:1:1,False,786486,21948,0.9310309886932373
31,4:1:1,False,786486,25324,1.0271921157836914
31,4:1:1,False,786486,23631,0.9669961929321289
31,4:1:1,False,786486,17288,0.8713197708129883
31,4:1:1,False,786486,11447,0.7506458759307861
31,4:1:1,False,786486,11451,0.7366800308227539
31,4:1:1,False,786486,18911,0.8798151016235352
31,4:1:1,False,786486,24356,0.9839749336242676
31,4:1:1,False,786486,18358,0.8805313110351562
31,4:1:1,False,786486,30959,1.106726884841919
31,4:1:1,False,786486,42119,1.3598380088806152
31,4:2:2,True,786486,22747,0.682744026184082
31,4:2:2,True,786486,21635,0.6614620685577393
31,4:2:2,True,786486,24633,0.7218160629272461
31,4:2:2,True,786486,32657,0.8488402366638184
31,4:2:2,True,786486,27715,0.7658727169036865
31,4:2:2,True,786486,24304,0.7063100337982178
31,4:2:2,True,786486,10987,0.4997727870941162
31,4:2:2,True,786486,13582,0.5437600612640381
31,4:2:2,True,786486,27214,0.7451398372650146
31,4:2:2,True,786486,24486,0.6975710391998291
31,4:2:2,True,786486,28881,0.7857348918914795
31,4:2:2,True,786486,27540,0.7544891834259033
31,4:2:2,True,786486,20465,0.6547911167144775
31,4:2:2,True,786486,14875,0.5655748844146729
31,4:2:2,True,786486,14789,0.5570459365844727
31,4:2:2,True,786486,21762,0.6659471988677979
31,4:2:2,True,786486,27061,0.7482810020446777
31,4:2:2,True,786486,21048,0.6612191200256348
31,4:2:2,True,786486,34100,0.85794997215271
31,4:2:2,True,786486,47095,1.068113088607788
31,4:2:2,False,786486,21191,1.108335018157959
31,4:2:2,False,786486,19747,1.075528860092163
31,4:2:2,False,786486,22089,1.1535561084747314
31,4:2:2,False,786486,30434,1.3201029300689697
31,4:2:2,False,786486,26018,1.2082068920135498
31,4:2:2,False,786486,22937,1.1378989219665527
31,4:2:2,False,786486,8622,0.8606758117675781
31,4:2:2,False,786486,10444,0.9161198139190674
31,4:2:2,False,786486,26292,1.1830542087554932
31,4:2:2,False,786486,23183,1.1242122650146484
31,4:2:2,False,786486,27099,1.2343287467956543
31,4:2:2,False,786486,26596,1.1967501640319824
31,4:2:2,False,786486,18184,1.0652990341186523
31,4:2:2,False,786486,12287,0.9461853504180908
31,4:2:2,False,786486,12890,0.9400010108947754
31,4:2:2,False,786486,20325,1.0787179470062256
31,4:2:2,False,786486,25793,1.1894619464874268
31,4:2:2,False,786486,19060,1.0728809833526611
31,4:2:2,False,786486,33035,1.3266139030456543
31,4:2:2,False,786486,45544,1.6015639305114746
41,4:4:4,True,786486,30894,0.9817349910736084
41,4:4:4,True,786486,28342,0.9395630359649658
41,4:4:4,True,786486,33516,1.0373597145080566
41,4:4:4,True,786486,45574,1.2263212203979492
41,4:4:4,True,786486,36658,1.0769500732421875
41,4:4:4,True,786486,33445,1.0198590755462646
41,4:4:4,True,786486,14869,0.7318458557128906
41,4:4:4,True,786486,18980,0.8012311458587646
41,4:4:4,True,786486,37760,1.0805020332336426
41,4:4:4,True,786486,32195,0.9880781173706055
41,4:4:4,True,786486,39534,1.1252460479736328
41,4:4:4,True,786486,38351,1.0892081260681152
41,4:4:4,True,786486,27851,0.9444348812103271
41,4:4:4,True,786486,20613,0.8281128406524658
41,4:4:4,True,786486,20139,0.8079521656036377
41,4:4:4,True,786486,29206,0.9503929615020752
41,4:4:4,True,786486,35970,1.054887056350708
41,4:4:4,True,786486,27767,0.9350268840789795
41,4:4:4,True,786486,45285,1.2002928256988525
41,4:4:4,True,786486,65721,1.5289440155029297
41,4:4:4,False,786486,28872,1.6081268787384033
41,4:4:4,False,786486,25848,1.5493292808532715
41,4:4:4,False,786486,30453,1.671360969543457
41,4:4:4,False,786486,42999,1.9166021347045898
41,4:4:4,False,786486,34637,1.7266628742218018
41,4:4:4,False,786486,31768,1.6568629741668701
41,4:4:4,False,786486,11874,1.274075984954834
41,4:4:4,False,786486,14951,1.364238977432251
41,4:4:4,False,786486,36770,1.7320599555969238
41,4:4:4,False,786486,30200,1.6143193244934082
41,4:4:4,False,786486,37644,1.8004181385040283
41,4:4:4,False,786486,37331,1.7474780082702637
41,4:4:4,False,786486,24899,1.5538702011108398
41,4:4:4,False,786486,17549,1.4014308452606201
41,4:4:4,False,786486,17726,1.3815529346466064
41,4:4:4,False,786486,27352,1.5671539306640625
41,4:4:4,False,786486,34331,1.703045129776001
41,4:4:4,False,786486,25109,1.5411038398742676
41,4:4:4,False,786486,43837,1.8943040370941162
41,4:4:4,False,786486,64025,2.315181016921997
41,4:2:0,True,786486,25241,0.6342599391937256
41,4:2:0,True,786486,23869,0.610400915145874
41,4:2:0,True,786486,28410,0.6943662166595459
41,4:2:0,True,786486,37229,0.8567781448364258
41,4:2:0,True,786486,31218,0.7304708957672119
41,4:2:0,True,786486,26336,0.6487088203430176
41,4:2:0,True,786486,11025,0.41470813751220703
41,4:2:0,True,786486,15388,0.488239049911499
41,4:2:0,True,786486,28834,0.6802051067352295
41,4:2:0,True,786486,27400,0.6560420989990234
41,4:2:0,True,786486,32274,0.7490930557250977
41,4:2:0,True,786486,28678,0.6813850402832031
41,4:2:0,True,786486,23374,0.6148030757904053
41,4:2:0,True,786486,16229,0.4999117851257324
41,4:2:0,True,786486,15033,0.47347402572631836
41,4:2:0,True,786486,24002,0.6121478080749512
41,4:2:0,True,786486,30071,0.7029829025268555
41,4:2:0,True,786486,23857,0.6159350872039795
41,4:2:0,True,786486,37234,0.8117592334747314
41,4:2:0,True,786486,52644,1.0592668056488037
41,4:2:0,False,786486,24145,0.9864740371704102
41,4:2:0,False,786486,22497,0.9540500640869141
41,4:2:0,False,786486,26524,1.0583019256591797
41,4:2:0,False,786486,35644,1.2399060726165771
41,4:2:0,False,786486,30187,1.1097252368927002
41,4:2:0,False,786486,25402,0.9997997283935547
41,4:2:0,False,786486,9308,0.696397066116333
41,4:2:0,False,786486,12890,0.7880651950836182
41,4:2:0,False,786486,28208,1.0444128513336182
41,4:2:0,False,786486,26417,1.012497901916504
41,4:2:0,False,786486,31055,1.134213924407959
41,4:2:0,False,786486,27953,1.0412449836730957
41,4:2:0,False,786486,21661,0.9598140716552734
41,4:2:0,False,786486,14225,0.8078217506408691
41,4:2:0,False,786486,13651,0.7773590087890625
41,4:2:0,False,786486,23018,0.9552462100982666
41,4:2:0,False,786486,29353,1.0742089748382568
41,4:2:0,False,786486,22480,0.9588661193847656
41,4:2:0,False,786486,36499,1.2053771018981934
41,4:2:0,False,786486,51470,1.5305500030517578
41,4:1:1,True,786486,25241,0.6336572170257568
41,4:1:1,True,786486,23869,0.6095249652862549
41,4:1:1,True,786486,28410,0.6935269832611084
41,4:1:1,True,786486,37229,0.8303396701812744
41,4:1:1,True,786486,31218,0.7301919460296631
41,4:1:1,True,786486,26336,0.6473426818847656
41,4:1:1,True,786486,11025,0.41280198097229004
41,4:1:1,True,786486,15388,0.4873330593109131
41,4:1:1,True,786486,28834,0.6795749664306641
41,4:1:1,True,786486,27400,0.6510310173034668
41,4:1:1,True,786486,32274,0.7511160373687744
41,4:1:1,True,786486,28678,0.6812460422515869
41,4:1:1,True,786486,23374,0.6184980869293213
41,4:1:1,True,786486,16229,0.5006918907165527
41,4:1:1,True,786486,15033,0.47437024116516113
41,4:1:1,True,786486,24002,0.6116299629211426
41,4:1:1,True,786486,30071,0.7040340900421143
41,4:1:1,True,786486,23857,0.6159830093383789
41,4:1:1,True,786486,37234,0.812431812286377
41,4:1:1,True,786486,52644,1.0601530075073242
41,4:1:1,False,786486,24145,0.9850411415100098
41,4:1:1,False,786486,22497,0.952056884765625
41,4:1:1,False,786486,26524,1.0596849918365479
41,4:1:1,False,786486,35644,1.2349119186401367
41,4:1:1,False,786486,30187,1.1066312789916992
41,4:1:1,False,786486,25402,1.0037503242492676
41,4:1:1,False,786486,9308,0.6965620517730713
41,4:1:1,False,786486,12890,0.786329984664917
41,4:1:1,False,786486,28208,1.041929006576538
41,4:1:1,False,786486,26417,1.0133378505706787
41,4:1:1,False,786486,31055,1.1318399906158447
41,4:1:1,False,786486,27953,1.0368599891662598
41,4:1:1,False,786486,21661,0.9546120166778564
41,4:1:1,False,786486,14225,0.8061947822570801
41,4:1:1,False,786486,13651,0.7749218940734863
41,4:1:1,False,786486,23018,0.9525728225708008
41,4:1:1,False,786486,29353,1.0759568214416504
41,4:1:1,False,786486,22480,0.9611172676086426
41,4:1:1,False,786486,36499,1.2403550148010254
41,4:1:1,False,786486,51470,1.7351329326629639
41,4:2:2,True,786486,27193,0.7749698162078857
41,4:2:2,True,786486,25456,0.739346981048584
41,4:2:2,True,786486,30028,0.8112273216247559
41,4:2:2,True,786486,39855,0.9642040729522705
41,4:2:2,True,786486,33068,0.8485870361328125
41,4:2:2,True,786486,28818,0.7778229713439941
41,4:2:2,True,786486,12359,0.5221560001373291
41,4:2:2,True,786486,16407,0.5933318138122559
41,4:2:2,True,786486,32211,0.8190078735351562
41,4:2:2,True,786486,29025,0.7741408348083496
41,4:2:2,True,786486,34799,0.8850200176239014
41,4:2:2,True,786486,32270,0.8272831439971924
41,4:2:2,True,786486,24880,0.7348520755767822
41,4:2:2,True,786486,17598,0.611253023147583
41,4:2:2,True,786486,16985,0.598257303237915
41,4:2:2,True,786486,26003,0.7367129325866699
41,4:2:2,True,786486,32109,0.8302412033081055
41,4:2:2,True,786486,25051,0.7238631248474121
41,4:2:2,True,786486,40101,0.9474139213562012
41,4:2:2,True,786486,57183,1.222550868988037
41,4:2:2,False,786486,25879,1.1980249881744385
41,4:2:2,False,786486,23740,1.1576733589172363
41,4:2:2,False,786486,27791,1.2657647132873535
41,4:2:2,False,786486,37973,1.4676189422607422
41,4:2:2,False,786486,31785,1.3250312805175781
41,4:2:2,False,786486,27727,1.2527518272399902
41,4:2:2,False,786486,10270,0.8950080871582031
41,4:2:2,False,786486,13447,1.0014448165893555
41,4:2:2,False,786486,31508,1.4534530639648438
41,4:2:2,False,786486,27790,1.5173909664154053
41,4:2:2,False,786486,33385,1.4096369743347168
41,4:2:2,False,786486,31496,1.322829008102417
41,4:2:2,False,786486,22831,1.3086419105529785
41,4:2:2,False,786486,15276,1.0570659637451172
41,4:2:2,False,786486,15325,1.0233862400054932
41,4:2:2,False,786486,24777,1.1751267910003662
41,4:2:2,False,786486,31145,1.3232691287994385
41,4:2:2,False,786486,23312,1.2171709537506104
41,4:2:2,False,786486,39201,1.4721260070800781
41,4:2:2,False,786486,55845,1.818160057067871
51,4:4:4,True,786486,35226,1.172705888748169
51,4:4:4,True,786486,32143,1.0294148921966553
51,4:4:4,True,786486,38913,1.1647841930389404
51,4:4:4,True,786486,52980,1.352484941482544
51,4:4:4,True,786486,41785,1.1689741611480713
51,4:4:4,True,786486,37807,1.1038761138916016
51,4:4:4,True,786486,16191,0.8332347869873047
51,4:4:4,True,786486,21653,0.9205288887023926
51,4:4:4,True,786486,42764,1.1656160354614258
51,4:4:4,True,786486,36215,1.0557599067687988
51,4:4:4,True,786486,45515,1.226585865020752
51,4:4:4,True,786486,43122,1.1601371765136719
51,4:4:4,True,786486,32127,1.013648271560669
51,4:4:4,True,786486,23538,0.8760128021240234
51,4:4:4,True,786486,22448,0.8494138717651367
51,4:4:4,True,786486,33123,1.0144379138946533
51,4:4:4,True,786486,40870,1.1304001808166504
51,4:4:4,True,786486,31459,1.0015881061553955
51,4:4:4,True,786486,51316,1.3090670108795166
51,4:4:4,True,786486,76035,1.6869962215423584
51,4:4:4,False,786486,33579,1.6973590850830078
51,4:4:4,False,786486,29767,1.621077060699463
51,4:4:4,False,786486,36126,1.7849726676940918
51,4:4:4,False,786486,50894,2.0749213695526123
51,4:4:4,False,786486,40072,1.837054967880249
51,4:4:4,False,786486,36540,1.7439732551574707
51,4:4:4,False,786486,13383,1.303868293762207
51,4:4:4,False,786486,17822,1.4273128509521484
51,4:4:4,False,786486,41964,1.8286945819854736
51,4:4:4,False,786486,34363,1.693793773651123
51,4:4:4,False,786486,43856,1.9164149761199951
51,4:4:4,False,786486,42166,1.8330600261688232
51,4:4:4,False,786486,29447,1.6465120315551758
51,4:4:4,False,786486,20806,1.4703307151794434
51,4:4:4,False,786486,20362,1.431570291519165
51,4:4:4,False,786486,31489,1.6503839492797852
51,4:4:4,False,786486,39560,1.7986822128295898
51,4:4:4,False,786486,28974,1.6661739349365234
51,4:4:4,False,786486,50161,2.0009968280792236
51,4:4:4,False,786486,74391,2.518267869949341
51,4:2:0,True,786486,28730,0.6938402652740479
51,4:2:0,True,786486,27161,0.6625919342041016
51,4:2:0,True,786486,32860,0.7675960063934326
51,4:2:0,True,786486,42900,0.919884204864502
51,4:2:0,True,786486,35505,0.7976858615875244
51,4:2:0,True,786486,29640,0.6993420124053955
51,4:2:0,True,786486,12138,0.43344926834106445
51,4:2:0,True,786486,17759,0.5249700546264648
51,4:2:0,True,786486,32475,0.7456870079040527
51,4:2:0,True,786486,31012,0.7264478206634521
51,4:2:0,True,786486,36964,0.8223598003387451
51,4:2:0,True,786486,32179,0.7332139015197754
51,4:2:0,True,786486,27067,0.6739950180053711
51,4:2:0,True,786486,18590,0.5394361019134521
51,4:2:0,True,786486,16847,0.5035371780395508
51,4:2:0,True,786486,27327,0.663658857345581
51,4:2:0,True,786486,34180,0.765143871307373
51,4:2:0,True,786486,27160,0.6703259944915771
51,4:2:0,True,786486,41870,0.8845489025115967
51,4:2:0,True,786486,60696,1.1889979839324951
51,4:2:0,False,786486,27846,1.0594909191131592
51,4:2:0,False,786486,25800,1.0195329189300537
51,4:2:0,False,786486,31150,1.15385103225708
51,4:2:0,False,786486,41544,1.3539488315582275
51,4:2:0,False,786486,34624,1.1924817562103271
51,4:2:0,False,786486,28871,1.0725040435791016
51,4:2:0,False,786486,10526,0.7250287532806396
51,4:2:0,False,786486,15434,0.8462510108947754
51,4:2:0,False,786486,31953,1.111630916595459
51,4:2:0,False,786486,30064,1.0833237171173096
51,4:2:0,False,786486,35866,1.2292060852050781
51,4:2:0,False,786486,31515,1.1076428890228271
51,4:2:0,False,786486,25536,1.051570177078247
51,4:2:0,False,786486,16823,0.8716371059417725
51,4:2:0,False,786486,15668,0.8132867813110352
51,4:2:0,False,786486,26434,1.0197131633758545
51,4:2:0,False,786486,33615,1.1671411991119385
51,4:2:0,False,786486,25869,1.0566389560699463
51,4:2:0,False,786486,41136,1.29068922996521
51,4:2:0,False,786486,59515,1.6876840591430664
51,4:1:1,True,786486,28730,0.7324268817901611
51,4:1:1,True,786486,27161,0.6643352508544922
51,4:1:1,True,786486,32860,0.7715981006622314
51,4:1:1,True,786486,42900,0.9223282337188721
51,4:1:1,True,786486,35505,0.8010890483856201
51,4:1:1,True,786486,29640,0.6995730400085449
51,4:1:1,True,786486,12138,0.43065690994262695
51,4:1:1,True,786486,17759,0.5254306793212891
51,4:1:1,True,786486,32475,0.7362539768218994
51,4:1:1,True,786486,31012,0.7105920314788818
51,4:1:1,True,786486,36964,0.8184559345245361
51,4:1:1,True,786486,32179,0.728173017501831
51,4:1:1,True,786486,27067,0.6738369464874268
51,4:1:1,True,786486,18590,0.5412468910217285
51,4:1:1,True,786486,16847,0.5078718662261963
51,4:1:1,True,786486,27327,0.6645247936248779
51,4:1:1,True,786486,34180,0.7638721466064453
51,4:1:1,True,786486,27160,0.6768791675567627
51,4:1:1,True,786486,41870,0.904106855392456
51,4:1:1,True,786486,60696,1.2199130058288574
51,4:1:1,False,786486,27846,1.0818500518798828
51,4:1:1,False,786486,25800,1.0302348136901855
51,4:1:1,False,786486,31150,1.1581342220306396
51,4:1:1,False,786486,41544,1.352388858795166
51,4:1:1,False,786486,34624,1.1923377513885498
51,4:1:1,False,786486,28871,1.131347894668579
51,4:1:1,False,786486,10526,0.7395126819610596
51,4:1:1,False,786486,15434,0.8449902534484863
51,4:1:1,False,786486,31953,1.1523499488830566
51,4:1:1,False,786486,30064,1.0863420963287354
51,4:1:1,False,786486,35866,1.2447199821472168
51,4:1:1,False,786486,31515,1.1092431545257568
51,4:1:1,False,786486,25536,1.0420708656311035
51,4:1:1,False,786486,16823,0.8728678226470947
51,4:1:1,False,786486,15668,0.8168649673461914
51,4:1:1,False,786486,26434,1.0303630828857422
51,4:1:1,False,786486,33615,1.1778299808502197
51,4:1:1,False,786486,25869,1.1540319919586182
51,4:1:1,False,786486,41136,1.3545010089874268
51,4:1:1,False,786486,59515,1.7185900211334229
51,4:2:2,True,786486,30994,0.8215742111206055
51,4:2:2,True,786486,28913,0.8555750846862793
51,4:2:2,True,786486,34764,1.1125562191009521
51,4:2:2,True,786486,46100,1.190702199935913
51,4:2:2,True,786486,37620,0.9608280658721924
51,4:2:2,True,786486,32525,0.8764500617980957
51,4:2:2,True,786486,13544,0.5444347858428955
51,4:2:2,True,786486,18882,0.6376087665557861
51,4:2:2,True,786486,36373,0.8880999088287354
51,4:2:2,True,786486,32728,0.8227550983428955
51,4:2:2,True,786486,39959,0.9553978443145752
51,4:2:2,True,786486,36307,0.8825540542602539
51,4:2:2,True,786486,28731,0.8050761222839355
51,4:2:2,True,786486,20129,0.6482439041137695
51,4:2:2,True,786486,19037,0.6212360858917236
51,4:2:2,True,786486,29605,0.7885630130767822
51,4:2:2,True,786486,36504,0.9250681400299072
51,4:2:2,True,786486,28508,0.776019811630249
51,4:2:2,True,786486,45312,1.0203750133514404
51,4:2:2,True,786486,66186,1.3577704429626465
51,4:2:2,False,786486,29886,1.381141185760498
51,4:2:2,False,786486,27272,1.2613730430603027
51,4:2:2,False,786486,32782,1.3686859607696533
51,4:2:2,False,786486,44554,1.6718089580535889
51,4:2:2,False,786486,36520,1.4409687519073486
51,4:2:2,False,786486,31655,1.299349069595337
51,4:2:2,False,786486,11591,0.9169018268585205
51,4:2:2,False,786486,16086,1.0346660614013672
51,4:2:2,False,786486,35781,1.353667974472046
51,4:2:2,False,786486,31595,1.288343906402588
51,4:2:2,False,786486,38686,1.4587981700897217
51,4:2:2,False,786486,35603,1.356929063796997
51,4:2:2,False,786486,26924,1.2347629070281982
51,4:2:2,False,786486,18092,1.0578649044036865
51,4:2:2,False,786486,17580,1.02598237991333
51,4:2:2,False,786486,28504,1.2399532794952393
51,4:2:2,False,786486,35789,1.3834197521209717
51,4:2:2,False,786486,26929,1.2279107570648193
51,4:2:2,False,786486,44459,1.5357310771942139
51,4:2:2,False,786486,64859,1.9796440601348877
61,4:4:4,True,786486,41257,1.1560180187225342
61,4:4:4,True,786486,36904,1.0754170417785645
61,4:4:4,True,786486,46187,1.2495450973510742
61,4:4:4,True,786486,62898,1.512763261795044
61,4:4:4,True,786486,48777,1.2606208324432373
61,4:4:4,True,786486,43859,1.178394079208374
61,4:4:4,True,786486,18083,0.7797801494598389
61,4:4:4,True,786486,25438,0.9052391052246094
61,4:4:4,True,786486,49618,1.250302791595459
61,4:4:4,True,786486,41544,1.1333839893341064
61,4:4:4,True,786486,53406,1.3439223766326904
61,4:4:4,True,786486,49578,1.2558948993682861
61,4:4:4,True,786486,38358,1.1265411376953125
61,4:4:4,True,786486,27687,0.9634702205657959
61,4:4:4,True,786486,25588,0.9023540019989014
61,4:4:4,True,786486,38607,1.1055400371551514
61,4:4:4,True,786486,47440,1.2248749732971191
61,4:4:4,True,786486,36458,1.0708281993865967
61,4:4:4,True,786486,59448,1.4042701721191406
61,4:4:4,True,786486,89248,1.8708181381225586
61,4:4:4,False,786486,40063,1.8333940505981445
61,4:4:4,False,786486,34808,1.7385268211364746
61,4:4:4,False,786486,43861,1.9333491325378418
61,4:4:4,False,786486,61087,2.2674367427825928
61,4:4:4,False,786486,47481,1.9647119045257568
61,4:4:4,False,786486,42967,1.8564181327819824
61,4:4:4,False,786486,15568,1.3397018909454346
61,4:4:4,False,786486,21993,1.5035090446472168
61,4:4:4,False,786486,48806,1.9484469890594482
61,4:4:4,False,786486,39964,1.7763707637786865
61,4:4:4,False,786486,52050,2.060819149017334
61,4:4:4,False,786486,48687,1.9326188564300537
61,4:4:4,False,786486,36024,1.8132247924804688
61,4:4:4,False,786486,25234,1.558014154434204
61,4:4:4,False,786486,23876,1.4909539222717285
61,4:4:4,False,786486,37285,1.7482099533081055
61,4:4:4,False,786486,46427,2.36600399017334
61,4:4:4,False,786486,34301,1.902245044708252
61,4:4:4,False,786486,58240,2.1556050777435303
61,4:4:4,False,786486,87789,2.793750047683716
61,4:2:0,True,786486,33530,0.7873978614807129
61,4:2:0,True,786486,31259,0.7193436622619629
61,4:2:0,True,786486,38723,0.9399499893188477
61,4:2:0,True,786486,50503,1.0729680061340332
61,4:2:0,True,786486,41251,0.9184310436248779
61,4:2:0,True,786486,34233,0.7914879322052002
61,4:2:0,True,786486,13658,0.45848608016967773
61,4:2:0,True,786486,21023,0.5812587738037109
61,4:2:0,True,786486,37498,0.8070039749145508
61,4:2:0,True,786486,35448,0.7705211639404297
61,4:2:0,True,786486,43105,0.9220867156982422
61,4:2:0,True,786486,36843,0.7947509288787842
61,4:2:0,True,786486,32203,0.7741899490356445
61,4:2:0,True,786486,21786,0.6016252040863037
61,4:2:0,True,786486,19303,0.5429251194000244
61,4:2:0,True,786486,31908,0.7624599933624268
61,4:2:0,True,786486,39558,0.8669109344482422
61,4:2:0,True,786486,31483,0.7322330474853516
61,4:2:0,True,786486,48021,0.9861772060394287
61,4:2:0,True,786486,70931,1.3420209884643555
61,4:2:0,False,786486,32804,1.1609797477722168
61,4:2:0,False,786486,30012,1.1178491115570068
61,4:2:0,False,786486,37279,1.2907729148864746
61,4:2:0,False,786486,49353,1.5221121311187744
61,4:2:0,False,786486,40602,1.3115379810333252
61,4:2:0,False,786486,33634,1.154522180557251
61,4:2:0,False,786486,12273,0.7563381195068359
61,4:2:0,False,786486,18953,0.9164211750030518
61,4:2:0,False,786486,36922,1.2066230773925781
61,4:2:0,False,786486,34615,1.1787798404693604
61,4:2:0,False,786486,42132,1.4074912071228027
61,4:2:0,False,786486,36262,1.2523629665374756
61,4:2:0,False,786486,30865,1.199836254119873
61,4:2:0,False,786486,20181,1.0117733478546143
61,4:2:0,False,786486,18379,0.8620038032531738
61,4:2:0,False,786486,31157,1.1136012077331543
61,4:2:0,False,786486,39036,1.2566378116607666
61,4:2:0,False,786486,30423,1.129685640335083
61,4:2:0,False,786486,47237,1.4013950824737549
61,4:2:0,False,786486,69811,1.8846111297607422
61,4:1:1,True,786486,33530,0.7796049118041992
61,4:1:1,True,786486,31259,0.7244501113891602
61,4:1:1,True,786486,38723,0.859846830368042
61,4:1:1,True,786486,50503,1.0301828384399414
61,4:1:1,True,786486,41251,0.8787550926208496
61,4:1:1,True,786486,34233,0.7641761302947998
61,4:1:1,True,786486,13658,0.4539482593536377
61,4:1:1,True,786486,21023,0.5793757438659668
61,4:1:1,True,786486,37498,0.8065230846405029
61,4:1:1,True,786486,35448,0.7762277126312256
61,4:1:1,True,786486,43105,0.934581995010376
61,4:1:1,True,786486,36843,0.8073618412017822
61,4:1:1,True,786486,32203,0.7635149955749512
61,4:1:1,True,786486,21786,0.590641975402832
61,4:1:1,True,786486,19303,0.540125846862793
61,4:1:1,True,786486,31908,0.7268011569976807
61,4:1:1,True,786486,39558,0.8390309810638428
61,4:1:1,True,786486,31483,0.7327117919921875
61,4:1:1,True,786486,48021,0.9623658657073975
61,4:1:1,True,786486,70931,1.3285341262817383
61,4:1:1,False,786486,32804,1.1436610221862793
61,4:1:1,False,786486,30012,1.0936529636383057
61,4:1:1,False,786486,37279,1.283663272857666
61,4:1:1,False,786486,49353,1.518791913986206
61,4:1:1,False,786486,40602,1.3212170600891113
61,4:1:1,False,786486,33634,1.1536028385162354
61,4:1:1,False,786486,12273,0.7476358413696289
61,4:1:1,False,786486,18953,0.9106450080871582
61,4:1:1,False,786486,36922,1.1981849670410156
61,4:1:1,False,786486,34615,1.159736156463623
61,4:1:1,False,786486,42132,1.3416471481323242
61,4:1:1,False,786486,36262,1.2099828720092773
61,4:1:1,False,786486,30865,1.1327311992645264
61,4:1:1,False,786486,20181,0.9211499691009521
61,4:1:1,False,786486,18379,0.8607311248779297
61,4:1:1,False,786486,31157,1.10831880569458
61,4:1:1,False,786486,39036,1.251882791519165
61,4:1:1,False,786486,30423,1.109922170639038
61,4:1:1,False,786486,47237,1.3964688777923584
61,4:1:1,False,786486,69811,1.8779950141906738
61,4:2:2,True,786486,36276,0.8888680934906006
61,4:2:2,True,786486,33310,0.8389558792114258
61,4:2:2,True,786486,41100,0.9870038032531738
61,4:2:2,True,786486,54463,1.1835308074951172
61,4:2:2,True,786486,43789,1.0065174102783203
61,4:2:2,True,786486,37656,0.908073902130127
61,4:2:2,True,786486,15224,0.565457820892334
61,4:2:2,True,786486,22363,0.6879689693450928
61,4:2:2,True,786486,42200,0.9613211154937744
61,4:2:2,True,786486,37518,0.888296365737915
61,4:2:2,True,786486,46654,1.0510058403015137
61,4:2:2,True,786486,41681,0.9537031650543213
61,4:2:2,True,786486,34277,0.8698000907897949
61,4:2:2,True,786486,23644,0.7034938335418701
61,4:2:2,True,786486,21794,0.6624870300292969
61,4:2:2,True,786486,34582,0.8587551116943359
61,4:2:2,True,786486,42328,0.9969980716705322
61,4:2:2,True,786486,33132,0.8554182052612305
61,4:2:2,True,786486,52243,1.1170868873596191
61,4:2:2,True,786486,77620,1.5490810871124268
61,4:2:2,False,786486,35413,1.4016342163085938
61,4:2:2,False,786486,31844,1.306056022644043
61,4:2:2,False,786486,39476,1.4881527423858643
61,4:2:2,False,786486,53121,1.7506790161132812
61,4:2:2,False,786486,43010,1.521341323852539
61,4:2:2,False,786486,36971,1.3901731967926025
61,4:2:2,False,786486,13504,0.949998140335083
61,4:2:2,False,786486,19889,1.107943058013916
61,4:2:2,False,786486,41498,1.460507869720459
61,4:2:2,False,786486,36535,1.3947677612304688
61,4:2:2,False,786486,45581,1.607848882675171
61,4:2:2,False,786486,41009,1.4589760303497314
61,4:2:2,False,786486,32700,1.370115041732788
61,4:2:2,False,786486,21763,1.145792007446289
61,4:2:2,False,786486,20666,1.0960519313812256
61,4:2:2,False,786486,33656,1.3476378917694092
61,4:2:2,False,786486,41726,1.495664119720459
61,4:2:2,False,786486,31822,1.3159270286560059
61,4:2:2,False,786486,51260,1.6541659832000732
61,4:2:2,False,786486,76345,2.1844842433929443
71,4:4:4,True,786486,50019,1.2715938091278076
71,4:4:4,True,786486,43812,1.1664817333221436
71,4:4:4,True,786486,56974,1.4001178741455078
71,4:4:4,True,786486,77076,1.702812910079956
71,4:4:4,True,786486,59202,1.4108381271362305
71,4:4:4,True,786486,52337,1.2965028285980225
71,4:4:4,True,786486,20875,0.8234782218933105
71,4:4:4,True,786486,30760,0.9891808032989502
71,4:4:4,True,786486,59565,1.3929829597473145
71,4:4:4,True,786486,49426,1.2627589702606201
71,4:4:4,True,786486,64784,1.544802188873291
71,4:4:4,True,786486,58548,1.4024899005889893
71,4:4:4,True,786486,47352,1.2746269702911377
71,4:4:4,True,786486,33804,1.0635528564453125
71,4:4:4,True,786486,30244,0.9952828884124756
71,4:4:4,True,786486,46518,1.220046043395996
71,4:4:4,True,786486,56778,1.3760349750518799
71,4:4:4,True,786486,43722,1.1961820125579834
71,4:4:4,True,786486,70669,1.5744428634643555
71,4:4:4,True,786486,108789,2.185399055480957
71,4:4:4,False,786486,49150,1.9992151260375977
71,4:4:4,False,786486,41829,1.8398609161376953
71,4:4:4,False,786486,55377,2.1628730297088623
71,4:4:4,False,786486,75495,2.739262342453003
71,4:4:4,False,786486,58344,2.3430070877075195
71,4:4:4,False,786486,51521,2.120556116104126
71,4:4:4,False,786486,18757,1.4331550598144531
71,4:4:4,False,786486,27691,1.644305944442749
71,4:4:4,False,786486,58682,2.1494131088256836
71,4:4:4,False,786486,48136,1.932884931564331
71,4:4:4,False,786486,63474,2.292750120162964
71,4:4:4,False,786486,57596,2.1221110820770264
71,4:4:4,False,786486,45492,1.9894089698791504
71,4:4:4,False,786486,31822,1.6740608215332031
71,4:4:4,False,786486,29052,1.6112351417541504
71,4:4:4,False,786486,45523,1.9110140800476074
71,4:4:4,False,786486,56051,2.0907719135284424
71,4:4:4,False,786486,42013,1.8645129203796387
71,4:4:4,False,786486,69305,2.360567092895508
71,4:4:4,False,786486,107437,3.1533429622650146
71,4:2:0,True,786486,40336,0.8664147853851318
71,4:2:0,True,786486,37113,0.8272590637207031
71,4:2:0,True,786486,47267,0.9824249744415283
71,4:2:0,True,786486,61341,1.214292287826538
71,4:2:0,True,786486,49604,1.0274701118469238
71,4:2:0,True,786486,40642,0.8594450950622559
71,4:2:0,True,786486,15853,0.5020396709442139
71,4:2:0,True,786486,25539,0.6591339111328125
71,4:2:0,True,786486,44703,0.9230208396911621
71,4:2:0,True,786486,41739,0.8862779140472412
71,4:2:0,True,786486,51804,1.0416650772094727
71,4:2:0,True,786486,43384,0.8980469703674316
71,4:2:0,True,786486,39291,0.8740396499633789
71,4:2:0,True,786486,26408,0.6763231754302979
71,4:2:0,True,786486,22880,0.6178979873657227
71,4:2:0,True,786486,38229,0.9006290435791016
71,4:2:0,True,786486,47101,1.0057449340820312
71,4:2:0,True,786486,37624,0.8371808528900146
71,4:2:0,True,786486,56380,1.1079840660095215
71,4:2:0,True,786486,85685,1.5554511547088623
71,4:2:0,False,786486,39702,1.2697651386260986
71,4:2:0,False,786486,35809,1.1936779022216797
71,4:2:0,False,786486,46224,1.4470016956329346
71,4:2:0,False,786486,60450,1.7466659545898438
71,4:2:0,False,786486,49011,1.5100650787353516
71,4:2:0,False,786486,40097,1.2947797775268555
71,4:2:0,False,786486,14726,0.8121280670166016
71,4:2:0,False,786486,23729,1.0280790328979492
71,4:2:0,False,786486,44043,1.3245539665222168
71,4:2:0,False,786486,40909,1.267657995223999
71,4:2:0,False,786486,50892,1.4980850219726562
71,4:2:0,False,786486,42737,1.2959561347961426
71,4:2:0,False,786486,38223,1.2811458110809326
71,4:2:0,False,786486,25066,1.0111489295959473
71,4:2:0,False,786486,22222,0.9303081035614014
71,4:2:0,False,786486,37641,1.2207608222961426
71,4:2:0,False,786486,46590,1.3837671279907227
71,4:2:0,False,786486,36876,1.2229068279266357
71,4:2:0,False,786486,55507,1.5257620811462402
71,4:2:0,False,786486,84459,2.1445980072021484
71,4:1:1,True,786486,40336,0.8583447933197021
71,4:1:1,True,786486,37113,0.8018019199371338
71,4:1:1,True,786486,47267,0.9868738651275635
71,4:1:1,True,786486,61341,1.1898181438446045
71,4:1:1,True,786486,49604,0.998737096786499
71,4:1:1,True,786486,40642,0.8565456867218018
71,4:1:1,True,786486,15853,0.6917929649353027
71,4:1:1,True,786486,25539,0.6804718971252441
71,4:1:1,True,786486,44703,0.9394049644470215
71,4:1:1,True,786486,41739,0.8611481189727783
71,4:1:1,True,786486,51804,1.041010856628418
71,4:1:1,True,786486,43384,0.8882701396942139
71,4:1:1,True,786486,39291,0.8689618110656738
71,4:1:1,True,786486,26408,0.6665637493133545
71,4:1:1,True,786486,22880,0.5952341556549072
71,4:1:1,True,786486,38229,0.8327047824859619
71,4:1:1,True,786486,47101,0.9547441005706787
71,4:1:1,True,786486,37624,0.8260891437530518
71,4:1:1,True,786486,56380,1.0754902362823486
71,4:1:1,True,786486,85685,1.5533559322357178
71,4:1:1,False,786486,39702,1.3411402702331543
71,4:1:1,False,786486,35809,1.2095260620117188
71,4:1:1,False,786486,46224,1.442775011062622
71,4:1:1,False,786486,60450,1.7531929016113281
71,4:1:1,False,786486,49011,1.4618561267852783
71,4:1:1,False,786486,40097,1.2976479530334473
71,4:1:1,False,786486,14726,0.7969529628753662
71,4:1:1,False,786486,23729,1.0062708854675293
71,4:1:1,False,786486,44043,1.3457221984863281
71,4:1:1,False,786486,40909,1.2865548133850098
71,4:1:1,False,786486,50892,1.5194082260131836
71,4:1:1,False,786486,42737,1.323835849761963
71,4:1:1,False,786486,38223,1.3085079193115234
71,4:1:1,False,786486,25066,1.015923023223877
71,4:1:1,False,786486,22222,0.9388332366943359
71,4:1:1,False,786486,37641,1.2676961421966553
71,4:1:1,False,786486,46590,1.4010870456695557
71,4:1:1,False,786486,36876,1.2964680194854736
71,4:1:1,False,786486,55507,1.6357028484344482
71,4:1:1,False,786486,84459,2.1541271209716797
71,4:2:2,True,786486,43789,1.004737138748169
71,4:2:2,True,786486,39546,0.9307079315185547
71,4:2:2,True,786486,50401,1.13106369972229
71,4:2:2,True,786486,66519,1.3728938102722168
71,4:2:2,True,786486,52874,1.1410250663757324
71,4:2:2,True,786486,44873,1.0162630081176758
71,4:2:2,True,786486,17619,0.6097621917724609
71,4:2:2,True,786486,27087,0.792069673538208
71,4:2:2,True,786486,50491,1.08843994140625
71,4:2:2,True,786486,44423,0.9847190380096436
71,4:2:2,True,786486,56218,1.1895558834075928
71,4:2:2,True,786486,49185,1.054847002029419
71,4:2:2,True,786486,42044,0.9897329807281494
71,4:2:2,True,786486,28832,0.7827699184417725
71,4:2:2,True,786486,25875,0.7204082012176514
71,4:2:2,True,786486,41525,0.9622929096221924
71,4:2:2,True,786486,50600,1.0990138053894043
71,4:2:2,True,786486,39636,1.0086703300476074
71,4:2:2,True,786486,61586,1.2541420459747314
71,4:2:2,True,786486,94350,1.7641069889068604
71,4:2:2,False,786486,43078,1.5895397663116455
71,4:2:2,False,786486,37964,1.4372000694274902
71,4:2:2,False,786486,49223,1.732748031616211
71,4:2:2,False,786486,65421,2.0001399517059326
71,4:2:2,False,786486,52227,1.7052597999572754
71,4:2:2,False,786486,44264,1.5280218124389648
71,4:2:2,False,786486,16231,1.0599942207336426
71,4:2:2,False,786486,24913,1.2194178104400635
71,4:2:2,False,786486,49688,1.6123788356781006
71,4:2:2,False,786486,43524,1.5214440822601318
71,4:2:2,False,786486,55200,1.7637739181518555
71,4:2:2,False,786486,48470,1.6309938430786133
71,4:2:2,False,786486,40781,1.5007290840148926
71,4:2:2,False,786486,27313,1.2305388450622559
71,4:2:2,False,786486,25100,1.1536400318145752
71,4:2:2,False,786486,40850,1.4566771984100342
71,4:2:2,False,786486,50027,1.6276211738586426
71,4:2:2,False,786486,38684,1.4488399028778076
71,4:2:2,False,786486,60488,1.8144710063934326
71,4:2:2,False,786486,92840,2.487163782119751
81,4:4:4,True,786486,65365,1.5001170635223389
81,4:4:4,True,786486,55003,1.3723959922790527
81,4:4:4,True,786486,75787,1.7540788650512695
81,4:4:4,True,786486,102542,2.08585786819458
81,4:4:4,True,786486,77578,1.67966890335083
81,4:4:4,True,786486,66747,1.4967529773712158
81,4:4:4,True,786486,25824,0.892754077911377
81,4:4:4,True,786486,40306,1.136789083480835
81,4:4:4,True,786486,76624,1.6208460330963135
81,4:4:4,True,786486,62601,1.4176199436187744
81,4:4:4,True,786486,84568,1.7841088771820068
81,4:4:4,True,786486,73648,1.5730228424072266
81,4:4:4,True,786486,63523,1.491804838180542
81,4:4:4,True,786486,45117,1.207679033279419
81,4:4:4,True,786486,38813,1.0846240520477295
81,4:4:4,True,786486,60070,1.405472993850708
81,4:4:4,True,786486,72758,1.582352876663208
81,4:4:4,True,786486,56648,1.3676331043243408
81,4:4:4,True,786486,89651,1.8136320114135742
81,4:4:4,True,786486,143883,2.6542389392852783
81,4:4:4,False,786486,64409,2.262615919113159
81,4:4:4,False,786486,53133,2.036850929260254
81,4:4:4,False,786486,74355,2.5014939308166504
81,4:4:4,False,786486,100950,3.0115702152252197
81,4:4:4,False,786486,76685,2.5405051708221436
81,4:4:4,False,786486,65908,2.2994048595428467
81,4:4:4,False,786486,24264,1.5096979141235352
81,4:4:4,False,786486,38083,1.8137118816375732
81,4:4:4,False,786486,75293,2.5802109241485596
81,4:4:4,False,786486,61442,2.221959114074707
81,4:4:4,False,786486,83200,2.7190349102020264
81,4:4:4,False,786486,72326,2.4074490070343018
81,4:4:4,False,786486,62262,2.400920867919922
81,4:4:4,False,786486,43909,1.947760820388794
81,4:4:4,False,786486,38193,1.7741470336914062
81,4:4:4,False,786486,59311,2.2129528522491455
81,4:4:4,False,786486,72000,2.4143381118774414
81,4:4:4,False,786486,55536,2.206418991088867
81,4:4:4,False,786486,87561,2.644690990447998
81,4:4:4,False,786486,141034,3.734480857849121
81,4:2:0,True,786486,52149,1.0312609672546387
81,4:2:0,True,786486,46191,0.9430632591247559
81,4:2:0,True,786486,62143,1.2048561573028564
81,4:2:0,True,786486,80684,1.4691448211669922
81,4:2:0,True,786486,64125,1.2069268226623535
81,4:2:0,True,786486,51481,1.0075058937072754
81,4:2:0,True,786486,19645,0.5416030883789062
81,4:2:0,True,786486,33371,0.77107834815979
81,4:2:0,True,786486,57011,1.0737028121948242
81,4:2:0,True,786486,52449,1.0072429180145264
81,4:2:0,True,786486,67044,1.253998041152954
81,4:2:0,True,786486,54549,1.036668062210083
81,4:2:0,True,786486,51748,1.043877124786377
81,4:2:0,True,786486,35045,0.7883410453796387
81,4:2:0,True,786486,29544,0.6897940635681152
81,4:2:0,True,786486,48886,0.9742391109466553
81,4:2:0,True,786486,60014,1.1300618648529053
81,4:2:0,True,786486,48330,0.9778261184692383
81,4:2:0,True,786486,70519,1.2599480152130127
81,4:2:0,True,786486,111021,1.8977558612823486
81,4:2:0,False,786486,51475,1.4895570278167725
81,4:2:0,False,786486,44665,1.354403018951416
81,4:2:0,False,786486,61301,1.7103900909423828
81,4:2:0,False,786486,79650,2.049980878829956
81,4:2:0,False,786486,63531,1.714766025543213
81,4:2:0,False,786486,50848,1.454024076461792
81,4:2:0,False,786486,18870,0.8637752532958984
81,4:2:0,False,786486,32076,1.1604280471801758
81,4:2:0,False,786486,55971,1.534466028213501
81,4:2:0,False,786486,51496,1.4731709957122803
81,4:2:0,False,786486,66144,1.7871172428131104
81,4:2:0,False,786486,53623,1.492499828338623
81,4:2:0,False,786486,51053,1.5183751583099365
81,4:2:0,False,786486,34143,1.180872917175293
81,4:2:0,False,786486,28961,1.0525221824645996
81,4:2:0,False,786486,48311,1.4109699726104736
81,4:2:0,False,786486,59411,1.6185390949249268
81,4:2:0,False,786486,47689,1.4490549564361572
81,4:2:0,False,786486,69051,1.8147807121276855
81,4:2:0,False,786486,108847,2.724813938140869
81,4:1:1,True,786486,52149,1.0907387733459473
81,4:1:1,True,786486,46191,0.9687931537628174
81,4:1:1,True,786486,62143,1.2750909328460693
81,4:1:1,True,786486,80684,1.5000231266021729
81,4:1:1,True,786486,64125,1.27305006980896
81,4:1:1,True,786486,51481,1.0198278427124023
81,4:1:1,True,786486,19645,0.5421609878540039
81,4:1:1,True,786486,33371,0.7871201038360596
81,4:1:1,True,786486,57011,1.1302587985992432
81,4:1:1,True,786486,52449,1.042687177658081
81,4:1:1,True,786486,67044,1.2733991146087646
81,4:1:1,True,786486,54549,1.040513038635254
81,4:1:1,True,786486,51748,1.0753700733184814
81,4:1:1,True,786486,35045,0.8089151382446289
81,4:1:1,True,786486,29544,0.7242779731750488
81,4:1:1,True,786486,48886,1.02829909324646
81,4:1:1,True,786486,60014,1.1908011436462402
81,4:1:1,True,786486,48330,0.9934689998626709
81,4:1:1,True,786486,70519,1.280580759048462
81,4:1:1,True,786486,111021,1.931018590927124
81,4:1:1,False,786486,51475,1.5371787548065186
81,4:1:1,False,786486,44665,1.3712997436523438
81,4:1:1,False,786486,61301,1.7520179748535156
81,4:1:1,False,786486,79650,2.0781500339508057
81,4:1:1,False,786486,63531,1.7198162078857422
81,4:1:1,False,786486,50848,1.4628939628601074
81,4:1:1,False,786486,18870,0.8661458492279053
81,4:1:1,False,786486,32076,1.1735529899597168
81,4:1:1,False,786486,55971,1.5390441417694092
81,4:1:1,False,786486,51496,1.4532840251922607
81,4:1:1,False,786486,66144,1.7725400924682617
81,4:1:1,False,786486,53623,1.4852311611175537
81,4:1:1,False,786486,51053,1.5713779926300049
81,4:1:1,False,786486,34143,1.2321560382843018
81,4:1:1,False,786486,28961,1.083319902420044
81,4:1:1,False,786486,48311,1.4400110244750977
81,4:1:1,False,786486,59411,1.6319999694824219
81,4:1:1,False,786486,47689,1.4919722080230713
81,4:1:1,False,786486,69051,1.8535740375518799
81,4:1:1,False,786486,108847,2.6726551055908203
81,4:2:2,True,786486,56959,1.223984956741333
81,4:2:2,True,786486,49374,1.0742378234863281
81,4:2:2,True,786486,66612,1.4035210609436035
81,4:2:2,True,786486,88384,1.76572585105896
81,4:2:2,True,786486,68697,1.3809032440185547
81,4:2:2,True,786486,57068,1.2008168697357178
81,4:2:2,True,786486,21871,0.6702799797058105
81,4:2:2,True,786486,35452,0.9014482498168945
81,4:2:2,True,786486,64720,1.2901029586791992
81,4:2:2,True,786486,56015,1.162187099456787
81,4:2:2,True,786486,73541,1.452868938446045
81,4:2:2,True,786486,62053,1.2304799556732178
81,4:2:2,True,786486,55828,1.2056093215942383
81,4:2:2,True,786486,38481,0.9403181076049805
81,4:2:2,True,786486,33335,0.8518311977386475
81,4:2:2,True,786486,53288,1.149472951889038
81,4:2:2,True,786486,64711,1.3078298568725586
81,4:2:2,True,786486,51069,1.1407160758972168
81,4:2:2,True,786486,77483,1.4694180488586426
81,4:2:2,True,786486,123573,2.180634021759033
81,4:2:2,False,786486,56224,1.7538578510284424
81,4:2:2,False,786486,47756,1.5913259983062744
81,4:2:2,False,786486,65586,1.9750521183013916
81,4:2:2,False,786486,87005,2.4164600372314453
81,4:2:2,False,786486,68023,1.9794268608093262
81,4:2:2,False,786486,56382,1.7309019565582275
81,4:2:2,False,786486,20936,1.0772740840911865
81,4:2:2,False,786486,33862,1.3769960403442383
81,4:2:2,False,786486,63462,1.8462340831756592
81,4:2:2,False,786486,55050,1.6975786685943604
81,4:2:2,False,786486,72383,2.101133108139038
81,4:2:2,False,786486,61029,1.7979207038879395
81,4:2:2,False,786486,54963,1.7623260021209717
81,4:2:2,False,786486,37473,1.4279069900512695
81,4:2:2,False,786486,32684,1.3131728172302246
81,4:2:2,False,786486,52614,1.6682608127593994
81,4:2:2,False,786486,64070,1.8800482749938965
81,4:2:2,False,786486,50340,1.6507678031921387
81,4:2:2,False,786486,75776,2.0661213397979736
81,4:2:2,False,786486,120722,3.0014588832855225
91,4:4:4,True,786486,104594,2.0551719665527344
91,4:4:4,True,786486,81962,1.6878247261047363
91,4:4:4,True,786486,120692,2.317452907562256
91,4:4:4,True,786486,172039,3.0713391304016113
91,4:4:4,True,786486,123449,2.3182969093322754
91,4:4:4,True,786486,101840,1.9772779941558838
91,4:4:4,True,786486,38898,1.078589916229248
91,4:4:4,True,786486,66021,1.5200350284576416
91,4:4:4,True,786486,117995,2.254312038421631
91,4:4:4,True,786486,94872,1.8624708652496338
91,4:4:4,True,786486,135325,2.4886040687561035
91,4:4:4,True,786486,109579,2.0380330085754395
91,4:4:4,True,786486,105898,2.111470937728882
91,4:4:4,True,786486,76225,1.6661121845245361
91,4:4:4,True,786486,61103,1.4058148860931396
91,4:4:4,True,786486,93280,1.8727750778198242
91,4:4:4,True,786486,111054,2.1581521034240723
91,4:4:4,True,786486,88966,1.8656857013702393
91,4:4:4,True,786486,134485,2.470613479614258
91,4:4:4,True,786486,231747,3.941810131072998
91,4:4:4,False,786486,103048,2.973644733428955
91,4:4:4,False,786486,79351,2.4903528690338135
91,4:4:4,False,786486,119155,3.316709041595459
91,4:4:4,False,786486,166744,4.379962205886841
91,4:4:4,False,786486,121769,3.331780195236206
91,4:4:4,False,786486,100275,2.839513063430786
91,4:4:4,False,786486,38106,1.7335700988769531
91,4:4:4,False,786486,64939,2.3046958446502686
91,4:4:4,False,786486,114562,3.0909979343414307
91,4:4:4,False,786486,92640,2.703977346420288
91,4:4:4,False,786486,132613,3.5087339878082275
91,4:4:4,False,786486,106167,2.890852212905884
91,4:4:4,False,786486,104271,3.0641629695892334
91,4:4:4,False,786486,74754,2.526472806930542
91,4:4:4,False,786486,60460,2.1795289516448975
91,4:4:4,False,786486,91845,2.7482481002807617
91,4:4:4,False,786486,109597,3.304772138595581
91,4:4:4,False,786486,87745,2.8052449226379395
91,4:4:4,False,786486,129220,3.3762171268463135
91,4:4:4,False,786486,223467,5.515623092651367
91,4:2:0,True,786486,81030,1.4740750789642334
91,4:2:0,True,786486,66408,1.2104928493499756
91,4:2:0,True,786486,96438,1.7176811695098877
91,4:2:0,True,786486,126002,2.1192498207092285
91,4:2:0,True,786486,99070,1.6997451782226562
91,4:2:0,True,786486,77277,1.3559918403625488
91,4:2:0,True,786486,29394,0.6742949485778809
91,4:2:0,True,786486,53611,1.0719480514526367
91,4:2:0,True,786486,85223,1.4744908809661865
91,4:2:0,True,786486,77535,1.3722972869873047
91,4:2:0,True,786486,104112,1.829801082611084
91,4:2:0,True,786486,81213,1.3989827632904053
91,4:2:0,True,786486,83262,1.5983190536499023
91,4:2:0,True,786486,57420,1.151205062866211
91,4:2:0,True,786486,46095,0.9388458728790283
91,4:2:0,True,786486,73973,1.3493320941925049
91,4:2:0,True,786486,90248,1.639117956161499
91,4:2:0,True,786486,73600,1.3343751430511475
91,4:2:0,True,786486,103773,1.7109580039978027
91,4:2:0,True,786486,164481,2.6991002559661865
91,4:2:0,False,786486,79706,2.0078063011169434
91,4:2:0,False,786486,64057,1.849064826965332
91,4:2:0,False,786486,95429,2.3550028800964355
91,4:2:0,False,786486,122828,2.9909510612487793
91,4:2:0,False,786486,97619,2.358220100402832
91,4:2:0,False,786486,75768,1.922226905822754
91,4:2:0,False,786486,28760,1.1160578727722168
91,4:2:0,False,786486,52964,1.6053719520568848
91,4:2:0,False,786486,82727,2.026125907897949
91,4:2:0,False,786486,75501,1.877030849456787
91,4:2:0,False,786486,102168,2.4371609687805176
91,4:2:0,False,786486,78671,1.976470947265625
91,4:2:0,False,786486,82291,2.175244092941284
91,4:2:0,False,786486,56450,1.666797161102295
91,4:2:0,False,786486,45536,1.3705449104309082
91,4:2:0,False,786486,72902,1.8540380001068115
91,4:2:0,False,786486,88711,2.1634461879730225
91,4:2:0,False,786486,72707,1.9011189937591553
91,4:2:0,False,786486,99673,2.3177709579467773
91,4:2:0,False,786486,159519,3.581982135772705
91,4:1:1,True,786486,81030,1.4627315998077393
91,4:1:1,True,786486,66408,1.2159333229064941
91,4:1:1,True,786486,96438,1.7755558490753174
91,4:1:1,True,786486,126002,2.7292497158050537
91,4:1:1,True,786486,99070,2.0224339962005615
91,4:1:1,True,786486,77277,1.3757131099700928
91,4:1:1,True,786486,29394,0.6828410625457764
91,4:1:1,True,786486,53611,1.121842861175537
91,4:1:1,True,786486,85223,1.5019850730895996
91,4:1:1,True,786486,77535,1.740516185760498
91,4:1:1,True,786486,104112,2.296549081802368
91,4:1:1,True,786486,81213,1.429887056350708
91,4:1:1,True,786486,83262,1.6376261711120605
91,4:1:1,True,786486,57420,1.1252942085266113
91,4:1:1,True,786486,46095,0.925147294998169
91,4:1:1,True,786486,73973,1.3669459819793701
91,4:1:1,True,786486,90248,1.5619800090789795
91,4:1:1,True,786486,73600,1.3314690589904785
91,4:1:1,True,786486,103773,1.7056522369384766
91,4:1:1,True,786486,164481,2.6375010013580322
91,4:1:1,False,786486,79706,2.0120489597320557
91,4:1:1,False,786486,64057,1.678537130355835
91,4:1:1,False,786486,95429,2.3235557079315186
91,4:1:1,False,786486,122828,2.8387351036071777
91,4:1:1,False,786486,97619,2.315504789352417
91,4:1:1,False,786486,75768,1.8765549659729004
91,4:1:1,False,786486,28760,1.042060136795044
91,4:1:1,False,786486,52964,1.5485849380493164
91,4:1:1,False,786486,82727,1.9905803203582764
91,4:1:1,False,786486,75501,1.866241693496704
91,4:1:1,False,786486,102168,2.4274396896362305
91,4:1:1,False,786486,78671,1.9087512493133545
91,4:1:1,False,786486,82291,2.1509079933166504
91,4:1:1,False,786486,56450,1.6839001178741455
91,4:1:1,False,786486,45536,1.419816017150879
91,4:1:1,False,786486,72902,1.8835210800170898
91,4:1:1,False,786486,88711,2.1630966663360596
91,4:1:1,False,786486,72707,1.873426914215088
91,4:1:1,False,786486,99673,2.3294458389282227
91,4:1:1,False,786486,159519,3.588265895843506
91,4:2:2,True,786486,89982,1.766489028930664
91,4:2:2,True,786486,72398,1.4224419593811035
91,4:2:2,True,786486,105176,1.9268319606781006
91,4:2:2,True,786486,142209,2.456563949584961
91,4:2:2,True,786486,107761,1.9147839546203613
91,4:2:2,True,786486,86385,1.5836129188537598
91,4:2:2,True,786486,33013,0.820749044418335
91,4:2:2,True,786486,57539,1.213944911956787
91,4:2:2,True,786486,97802,1.7275669574737549
91,4:2:2,True,786486,84119,1.5323917865753174
91,4:2:2,True,786486,115744,2.0288047790527344
91,4:2:2,True,786486,92697,1.629136085510254
91,4:2:2,True,786486,91252,1.703312873840332
91,4:2:2,True,786486,64140,1.3018507957458496
91,4:2:2,True,786486,52090,1.0959789752960205
91,4:2:2,True,786486,81619,1.518751859664917
91,4:2:2,True,786486,98212,1.7378551959991455
91,4:2:2,True,786486,78908,1.494657039642334
91,4:2:2,True,786486,115271,1.9423952102661133
91,4:2:2,True,786486,188856,3.076256036758423
91,4:2:2,False,786486,88443,2.3282060623168945
91,4:2:2,False,786486,69752,1.955714225769043
91,4:2:2,False,786486,103871,2.651419162750244
91,4:2:2,False,786486,138154,3.3229970932006836
91,4:2:2,False,786486,106196,2.6431760787963867
91,4:2:2,False,786486,84838,2.220536231994629
91,4:2:2,False,786486,32394,1.2706680297851562
91,4:2:2,False,786486,56710,1.7852399349212646
91,4:2:2,False,786486,94756,2.3876140117645264
91,4:2:2,False,786486,81943,2.156370162963867
91,4:2:2,False,786486,113266,2.7994041442871094
91,4:2:2,False,786486,89650,2.2641689777374268
91,4:2:2,False,786486,89984,2.405728816986084
91,4:2:2,False,786486,62913,1.8994948863983154
91,4:2:2,False,786486,51349,1.6442711353302002
91,4:2:2,False,786486,80344,2.1606369018554688
91,4:2:2,False,786486,96577,2.44883394241333
91,4:2:2,False,786486,77930,2.1268301010131836
91,4:2:2,False,786486,110700,2.6411538124084473
91,4:2:2,False,786486,182411,4.08229398727417
1,4:4:4,True,786486,9703,0.7060880661010742
1,4:4:4,False,786486,5180,1.1175909042358398
1,4:2:0,True,786486,6631,0.34191203117370605
1,4:2:0,False,786486,3619,0.5861401557922363
1,4:1:1,True,786486,6631,0.3557591438293457
1,4:1:1,False,786486,3619,0.5831170082092285
1,4:2:2,True,786486,7606,0.4390997886657715
1,4:2:2,False,786486,4090,0.7696259021759033
11,4:4:4,True,786486,19331,0.7991480827331543
11,4:4:4,False,786486,15454,1.3299870491027832
11,4:2:0,True,786486,15885,0.489001989364624
11,4:2:0,False,786486,13422,0.7886788845062256
11,4:1:1,True,786486,15885,0.48982787132263184
11,4:1:1,False,786486,13422,0.7913041114807129
11,4:2:2,True,786486,16942,0.594890832901001
11,4:2:2,False,786486,14025,0.9774479866027832
21,4:4:4,True,786486,30428,0.9745509624481201
21,4:4:4,False,786486,27168,1.5708301067352295
21,4:2:0,True,786486,25681,0.6426670551300049
21,4:2:0,False,786486,23668,0.9927568435668945
21,4:1:1,True,786486,25681,0.6442701816558838
21,4:1:1,False,786486,23668,0.985306978225708
21,4:2:2,True,786486,27112,0.7605881690979004
21,4:2:2,False,786486,24725,1.1749560832977295
31,4:4:4,True,786486,40231,1.1355018615722656
31,4:4:4,False,786486,37535,1.7599220275878906
31,4:2:0,True,786486,33695,0.779782772064209
31,4:2:0,False,786486,32028,1.160167932510376
31,4:1:1,True,786486,33695,0.7803032398223877
31,4:1:1,False,786486,32028,1.156641960144043
31,4:2:2,True,786486,35636,0.892376184463501
31,4:2:2,False,786486,33695,1.3469340801239014
41,4:4:4,True,786486,49085,1.2875630855560303
41,4:4:4,False,786486,46894,1.9990978240966797
41,4:2:0,True,786486,40684,0.8932840824127197
41,4:2:0,False,786486,39295,1.304509162902832
41,4:1:1,True,786486,40684,0.8980522155761719
41,4:1:1,False,786486,39295,1.3052408695220947
41,4:2:2,True,786486,43214,1.040870189666748
41,4:2:2,False,786486,41618,1.5236890316009521
51,4:4:4,True,786486,57078,1.415065050125122
51,4:4:4,False,786486,55355,2.150491237640381
51,4:2:0,True,786486,46813,0.9818477630615234
51,4:2:0,False,786486,45669,1.4466769695281982
51,4:1:1,True,786486,46813,0.9988400936126709
51,4:1:1,False,786486,45669,1.4219026565551758
51,4:2:2,True,786486,49916,1.1213560104370117
51,4:2:2,False,786486,48674,1.6628599166870117
61,4:4:4,True,786486,67296,1.5679559707641602
61,4:4:4,False,786486,65828,2.3445792198181152
61,4:2:0,True,786486,54677,1.1021130084991455
61,4:2:0,False,786486,53788,1.576972246170044
61,4:1:1,True,786486,54677,1.1021530628204346
61,4:1:1,False,786486,53788,1.576451301574707
61,4:2:2,True,786486,58621,1.2524800300598145
61,4:2:2,False,786486,57576,1.8156960010528564
71,4:4:4,True,786486,81984,1.779620885848999
71,4:4:4,False,786486,80516,2.614875316619873
71,4:2:0,True,786486,65604,1.2700049877166748
71,4:2:0,False,786486,64776,1.7780017852783203
71,4:1:1,True,786486,65604,1.2555923461914062
71,4:1:1,False,786486,64776,1.7711360454559326
71,4:2:2,True,786486,70842,1.428853988647461
71,4:2:2,False,786486,69799,2.04761004447937
81,4:4:4,True,786486,108235,2.187795877456665
81,4:4:4,False,786486,106525,3.0924530029296875
81,4:2:0,True,786486,85176,1.5369751453399658
81,4:2:0,False,786486,84082,2.1219871044158936
81,4:1:1,True,786486,85176,1.5299160480499268
81,4:1:1,False,786486,84082,2.1081268787384033
81,4:2:2,True,786486,92927,1.7424800395965576
81,4:2:2,False,786486,91636,2.4363269805908203
91,4:4:4,True,786486,178153,3.1846961975097656
91,4:4:4,False,786486,172758,4.336274862289429
91,4:2:0,True,786486,131402,2.189281940460205
91,4:2:0,False,786486,127963,2.9093081951141357
91,4:1:1,True,786486,131402,2.17136812210083
91,4:1:1,False,786486,127963,2.898983955383301
91,4:2:2,True,786486,148209,2.532512903213501
91,4:2:2,False,786486,143833,3.3971500396728516
